,Nom du bateau,Voile,Anciens noms du bateau,Architecte,Chantier,Date de lancement,Longueur (m),Largeur (m),Tirant d'eau (m),Déplacement (poids(t)),Nombre de dérives,Hauteur mât (m),Voile quille,Surface de voiles au près (m2),Surface de voiles au portant (m2)
0,NEWREST - ART & FENÊTRES,FRA 56,"No Way Back, Vento di Sardegna",VPLP/Verdier,Persico Marine,2015-01-08,18.28,5.85,4.5,7.0,foils,29.0,monotype,320,570
1,PURE - Best Western®,FRA 49,"Gitana Eighty, Synerciel, Newrest-Matmut",Bruce Farr Design,Southern Ocean Marine (Nouvelle Zélande),2007-08-03,18.28,5.8,4.5,9.0,2,28.0,acier forgé,280,560
2,TSE -  4MYPLANET,FRA 72,"Famille Mary-Etamine du Lys, Initiatives Coeur, Le Pingouin",Marc Lombard,MAG France,1998-01-03,18.28,5.54,4.5,9.0,2,29.0,acier,260,580
3,Maître CoQ IV,FRA 17,Safran 2 - Des Voiles et Vous,Verdier - VPLP,CDK Technologies,2015-12-03,18.28,5.8,4.5,8.0,foils,29.0,acier mécano soudé,310,550
4,CHARAL,FRA 08,,VPLP,CDK Technologies,2018-08-18,18.28,5.85,4.5,8.0,foils,29.0,acier,320,600
5,LA MIE CÂLINE - ARTISANS ARTIPÔLE,FRA 14,"Ecover3, Président, Gamesa, Kilcullen Voyager-Team Ireland",Owen Clarke Design LLP - Clay Oliver,Hakes Marine - Mer Agitée,2007-03-08,18.28,5.65,4.5,7.9,foils,29.0,basculante avec vérin,300,610
6,BUREAU VALLEE 2,FRA 18,Banque Populaire VIII,Verdier - VPLP,CDK Technologies,2015-09-06,18.28,5.8,4.5,7.6,foils,28.0,acier,300,600
7,ONE PLANET ONE OCEAN,ESP 33,Kingfisher - Educacion sin Fronteras - Forum Maritim Catala - One Planet One Ocean & Pharmaton,Owen Clarke Design,Martens Yachts,2000-02-02,18.28,5.3,4.5,8.9,2,26.0,acier,240,470
8,GROUPE SÉTIN,FRA 71,"Paprec-Virbac2, Estrella Damm, We are Water, La Mie Câline",Bruce Farr Yacht Design,Southern Ocean Marine (Nouvelle-Zélande),2007-02-02,18.28,5.8,4.5,9.0,2 asymétriques,28.5,basculante sur vérin hydraulique,270,560
9,BANQUE POPULAIRE X,FRA 30,Macif - SMA,Verdier - VPLP,CDK - Mer Agitée,2011-01-03,18.28,5.7,4.5,7.7,2,29.0,acier forgé,340,570
10,APIVIA,FRA 79,,Verdier,CDK technologies - MerConcept,2019-05-08,18.28,5.85,4.5,8.0,foils,29.0,acier,350,560
11,INITIATIVES-COEUR,FRA 109,Maître CoQ - Banque Populaire VII- Foncia II,VPLP - Verdier,CDK Technologies,2010-09-20,18.28,5.7,4.5,7.8,foils,27.0,acier forgé,300,600
12,MERCI,FRA 69,"Foresight Natural Energy, Maisonneuve",Lavanos,Artech do Brasil,2005-01-15,18.28,5.6,4.5,8.5,2,29.0,acier,250,650
13,OMIA - WATER FAMILY ,FRA 09,"Spirit of Yukoh, Neutrogena, Hugo Boss, Estrella Damm, Veolia Environnement, BT",Bruce Farr Design,Offshore Challenge - Cowes,2007-03-07,18.28,5.85,4.5,8.0,2,29.0,acier forgé,300,700
14,PRB,FRA 85,,Verdier - VPLP,CDK Technologies,2010-08-03,18.28,5.5,4.5,,foils,27.4,Acier mécano soudé,300,600
15,Compagnie du Lit / Jiliti,FRA 83,"Delta Dore, Bureau Vallée, Vers un Monde sans Sida",Bruce Farr design,JMV Cherbourg,2006-07-26,18.28,5.75,4.5,8.5,2,29.0,acier forgé,300,620
16,MEDALLIA,GBR 777,"Armor Lux, We Are Water, La Fabrique",Pierre Rolland,Bernard Stamm,1999-03-07,18.28,5.7,4.5,9.0,2,29.0,carbone,300,580
17,SEAEXPLORER - YACHT CLUB DE MONACO,MON 10,"Edmond de Rothschild, Malizia - Yacht Club de Monaco",Verdier - VPLP,Multiplast,2015-07-08,18.28,5.7,4.5,7.6,foils,29.0,acier,290,490
18,STARK,FIN 222,"Aviva, GAES Centros Auditivos",Owen Clarke Design,Hakes Marine - Wellington (Nouvelle-Zélande),2007-06-08,18.28,5.8,4.5,8.5,2,28.0,acier,270,580
19,MACSF,FRA 27,"Quéguiner, Safran",Verdier - VPLP,Chantier Naval de Larros,2007-04-07,18.28,5.6,4.5,7.7,foils,27.0,acier,300,650
20,Yes We Cam!,FRA 01,"Cheminées Poujoulat, Mare, Maître CoQ, Mapfre, Foncia",Bruce Farr design,CDK Technologies,2007-03-01,18.28,5.9,4.5,8.0,2,28.0,acier forgé,300,620
21,TIME FOR OCEANS,FRA 92,"Hugo Boss, Energa, Compagnie du Lit-Boulogne Billancourt",Finot-Conq Design,Neville Hutton,2007-01-06,18.28,5.84,4.5,8.5,foils,28.0,monotype,300,550
22,CAMPAGNE DE FRANCE,FRA 50,"Great America IV, Mirabaud, Temenos",Owen Clarke,"Southern Ocean Marine, Tauranga",2006-04-05,18.28,5.5,4.5,8.5,2,28.0,carbone,330,600
23,PRYSMIAN GROUP,ITA 34,Saint-Michel - Virbac,VPLP - Verdier,Multiplast,2015-02-04,18.28,5.8,4.5,8.0,foils,29.0,acier forgé,300,600
24,LA FABRIQUE,SUI 07,"Brit Air, Votre Nom autour du Monde, MACSF",Groupe Finot-Conq,Multiplast,2007-01-08,18.28,5.9,4.5,,foils,27.0,carbone,290,580
25,LinkedOut,FRA 59,,Verdier,Persico,2019-03-09,18.28,5.85,4.5,8.0,foils,29.0,acier forgé,350,560
26,GROUPE APICIL,FRA 1000,"Comme Un Seul Homme, DCNS",Groupe Finot-Conq,Multiplast,2008-10-08,18.28,5.85,4.5,8.5,2,29.0,acier forgé,350,610
27,DMG MORI Global One,JPN 11,,VPLP,Multiplast,2019-05-09,18.28,5.85,4.5,8.0,foils,29.0,acier forgé,320,580
28,ARKEA PAPREC,FRA 04,,Juan Kouyoumdjian,CDK Technologies / Assemblage,2019-07-19,18.28,5.7,4.5,8.0,foiler,29.0,Inox usiné,260,600
29,V and B-MAYENNE,FRA 53,"Le Souffle du Nord, Groupe Bel",Verdier - VPLP,"Indiana Yachting (Scarlino, Italie)",2007-07-09,18.28,5.5,4.5,7.7,2,29.0,acier,365,700
30,HUGO BOSS,GBR 99,,VPLP - Alex Thomson Racing (led by Pete Hobson),Carrington Boats,2019-08-15,18.28,5.4,4.5,7.7,foils,29.0,acier forgé,330,630
31,L'OCCITANE EN PROVENCE,FRA 02,,Samuel Manuard,Black Pepper©,2020-01-31,18.28,5.5,4.5,7.8,foils,28.0,acier forgé,270,535
32,CORUM L'EPARGNE,FRA 06,,Juan Kouyoumdjian,CDK technologies - Mer Agitée,2020-05-15,18.28,5.7,4.5,7.9,foils,27.3,,270,535
